SmallTargetCardInteractable,,"Note",,,,11:49 05/09/2022
TargetChecklistCardInteractable,,"Note",,,,11:49 05/09/2022
VictimCoworkerWarningInteractable,,"Note",,,,11:49 05/09/2022
VictimSecurityWarningInteractable,,"Note",,,,11:49 05/09/2022
KillerSignInLeadInteractable,,"Note",,,,11:49 05/09/2022
AudioLogTranscriptionFriendInteractable,,"Log",,,,11:49 05/09/2022
EQCallingCard1Interactable,,"Card",,,,11:49 05/09/2022
EQCallingCard2MessyInteractable,,"Card",,,,11:49 05/09/2022
CallingCard4FakeInteractable,,"Card",,,,11:49 05/09/2022
CallingCard3UnfilledInteractable,,"Card",,,,11:49 05/09/2022
CallingCard4FakeInteractable,,"Card",,,,11:49 05/09/2022
KillerAgencyIDInteractable,,"ID",,,,11:49 05/09/2022
KillerAuditReportInteractable,,"Report",,,,11:49 05/09/2022
KillerMemoAuthorizationInteractable,,"Memo",,,,11:49 05/09/2022
KillerMemoMisroutedInteractable,,"Memo",,,,11:49 05/09/2022
SmallKillerLeadCardInteractable,,"Note",,,,11:49 05/09/2022
TargetEnvelopeInteractable,,"Envelope",,,,11:49 05/09/2022
SmallTargetCardEvidence,,"Note",,,,11:49 05/09/2022
TargetChecklistCardEvidence,,"Note",,,,11:49 05/09/2022
VictimCoworkerWarningEvidence,,"Note",,,,11:49 05/09/2022
VictimSecurityWarningEvidence,,"Note",,,,11:49 05/09/2022
KillerSignInLeadEvidence,,"Note",,,,11:49 05/09/2022
AudioLogTranscriptionFriendEvidence,,"Log",,,,11:49 05/09/2022
EQCallingCard1Evidence,,"Card",,,,11:49 05/09/2022
EQCallingCard2MessyEvidence,,"Card",,,,11:49 05/09/2022
CallingCard4FakeEvidence,,"Card",,,,11:49 05/09/2022
CallingCard3UnfilledEvidence,,"Card",,,,11:49 05/09/2022
CallingCard4FakeEvidence,,"Card",,,,11:49 05/09/2022
KillerAgencyIDEvidence,,"ID",,,,11:49 05/09/2022
KillerAuditReportEvidence,,"Report",,,,11:49 05/09/2022
KillerMemoAuthorizationEvidence,,"Memo",,,,11:49 05/09/2022
KillerMemoMisroutedEvidence,,"Memo",,,,11:49 05/09/2022
SmallKillerLeadCardEvidence,,"Note",,,,11:49 05/09/2022
TargetEnvelopeEvidence,,"Envelope",,,,11:49 05/09/2022F